"par","value","job_id","repetition","cultivar","counts","control.maxtime","date","start.time","end.time","run.time","rss","par.start","par.upper","par.lower"
"yc",36.7430547075321,17,7,"late",11855,12600,2025-01-24,14:46:15,18:16:49,03:30:34,452892.503472222,24.79,80,20
"zc",266.582269583422,17,7,"late",11855,12600,2025-01-24,14:46:15,18:16:49,03:30:34,452892.503472222,337.04,500,100
"s1",0.254792624534354,17,7,"late",11855,12600,2025-01-24,14:46:15,18:16:49,03:30:34,452892.503472222,0.2529,1,0.1
"Tu",17.7376088584645,17,7,"late",11855,12600,2025-01-24,14:46:15,18:16:49,03:30:34,452892.503472222,17.72,30,15
"theta_c",284.630140129616,17,7,"late",11855,12600,2025-01-24,14:46:15,18:16:49,03:30:34,452892.503472222,285.54,287,284
"tau",47.3278879219322,17,7,"late",11855,12600,2025-01-24,14:46:15,18:16:49,03:30:34,452892.503472222,45.67,48,16
"piec",47.0820197366795,17,7,"late",11855,12600,2025-01-24,14:46:15,18:16:49,03:30:34,452892.503472222,29.49,50,24
"Tf",4.82623989529418,17,7,"late",11855,12600,2025-01-24,14:46:15,18:16:49,03:30:34,452892.503472222,2.97,10,2
"Tb",6.73484577426529,17,7,"late",11855,12600,2025-01-24,14:46:15,18:16:49,03:30:34,452892.503472222,1.87,10,2
"slope",1.24751358006182,17,7,"late",11855,12600,2025-01-24,14:46:15,18:16:49,03:30:34,452892.503472222,2.69,5,1.2
"theta_star",279,17,7,"late",11855,12600,2025-01-24,14:46:15,18:16:49,03:30:34,452892.503472222,279,279,279
"Tc",36,17,7,"late",11855,12600,2025-01-24,14:46:15,18:16:49,03:30:34,452892.503472222,36,36,36
"yc",44.7251707806576,19,9,"late",14341,12600,2025-01-24,14:46:15,18:16:50,03:30:35,273427.123263889,24.79,80,20
"zc",254.72793653099,19,9,"late",14341,12600,2025-01-24,14:46:15,18:16:50,03:30:35,273427.123263889,337.04,500,100
"s1",0.161682716248814,19,9,"late",14341,12600,2025-01-24,14:46:15,18:16:50,03:30:35,273427.123263889,0.2529,1,0.1
"Tu",17.7124041796289,19,9,"late",14341,12600,2025-01-24,14:46:15,18:16:50,03:30:35,273427.123263889,17.72,30,15
"theta_c",284.542053277613,19,9,"late",14341,12600,2025-01-24,14:46:15,18:16:50,03:30:35,273427.123263889,285.54,287,284
"tau",47.379886570133,19,9,"late",14341,12600,2025-01-24,14:46:15,18:16:50,03:30:35,273427.123263889,45.67,48,16
"piec",47.1729576600998,19,9,"late",14341,12600,2025-01-24,14:46:15,18:16:50,03:30:35,273427.123263889,29.49,50,24
"Tf",2.5792674659656,19,9,"late",14341,12600,2025-01-24,14:46:15,18:16:50,03:30:35,273427.123263889,2.97,10,2
"Tb",6.71129363150138,19,9,"late",14341,12600,2025-01-24,14:46:15,18:16:50,03:30:35,273427.123263889,1.87,10,2
"slope",1.25519387099691,19,9,"late",14341,12600,2025-01-24,14:46:15,18:16:50,03:30:35,273427.123263889,2.69,5,1.2
"theta_star",279,19,9,"late",14341,12600,2025-01-24,14:46:15,18:16:50,03:30:35,273427.123263889,279,279,279
"Tc",36,19,9,"late",14341,12600,2025-01-24,14:46:15,18:16:50,03:30:35,273427.123263889,36,36,36
"yc",36.0512315597231,18,8,"late",13080,12600,2025-01-24,14:46:15,18:16:50,03:30:35,213593.217013889,24.79,80,20
"zc",263.499410106663,18,8,"late",13080,12600,2025-01-24,14:46:15,18:16:50,03:30:35,213593.217013889,337.04,500,100
"s1",0.227206238366756,18,8,"late",13080,12600,2025-01-24,14:46:15,18:16:50,03:30:35,213593.217013889,0.2529,1,0.1
"Tu",17.6361198238614,18,8,"late",13080,12600,2025-01-24,14:46:15,18:16:50,03:30:35,213593.217013889,17.72,30,15
"theta_c",284.60508297107,18,8,"late",13080,12600,2025-01-24,14:46:15,18:16:50,03:30:35,213593.217013889,285.54,287,284
"tau",47.884650570837,18,8,"late",13080,12600,2025-01-24,14:46:15,18:16:50,03:30:35,213593.217013889,45.67,48,16
"piec",47.1461920363291,18,8,"late",13080,12600,2025-01-24,14:46:15,18:16:50,03:30:35,213593.217013889,29.49,50,24
"Tf",5.27114851449138,18,8,"late",13080,12600,2025-01-24,14:46:15,18:16:50,03:30:35,213593.217013889,2.97,10,2
"Tb",6.55821443236395,18,8,"late",13080,12600,2025-01-24,14:46:15,18:16:50,03:30:35,213593.217013889,1.87,10,2
"slope",1.26576982629912,18,8,"late",13080,12600,2025-01-24,14:46:15,18:16:50,03:30:35,213593.217013889,2.69,5,1.2
"theta_star",279,18,8,"late",13080,12600,2025-01-24,14:46:15,18:16:50,03:30:35,213593.217013889,279,279,279
"Tc",36,18,8,"late",13080,12600,2025-01-24,14:46:15,18:16:50,03:30:35,213593.217013889,36,36,36
"yc",40.0580021524514,9,9,"early",13335,12600,2025-01-24,14:46:16,18:16:50,03:30:34,293823.366319444,24.79,80,20
"zc",198.310580224743,9,9,"early",13335,12600,2025-01-24,14:46:16,18:16:50,03:30:34,293823.366319444,337.04,500,100
"s1",0.198365174322234,9,9,"early",13335,12600,2025-01-24,14:46:16,18:16:50,03:30:34,293823.366319444,0.2529,1,0.1
"Tu",24.697549727653,9,9,"early",13335,12600,2025-01-24,14:46:16,18:16:50,03:30:34,293823.366319444,17.72,30,15
"theta_c",284.477010799172,9,9,"early",13335,12600,2025-01-24,14:46:16,18:16:50,03:30:34,293823.366319444,285.54,287,284
"tau",47.2592103067609,9,9,"early",13335,12600,2025-01-24,14:46:16,18:16:50,03:30:34,293823.366319444,45.67,48,16
"piec",47.8493247562184,9,9,"early",13335,12600,2025-01-24,14:46:16,18:16:50,03:30:34,293823.366319444,29.49,50,24
"Tf",4.12698778276479,9,9,"early",13335,12600,2025-01-24,14:46:16,18:16:50,03:30:34,293823.366319444,2.97,10,2
"Tb",3.99392257207058,9,9,"early",13335,12600,2025-01-24,14:46:16,18:16:50,03:30:34,293823.366319444,1.87,10,2
"slope",1.23901304855073,9,9,"early",13335,12600,2025-01-24,14:46:16,18:16:50,03:30:34,293823.366319444,2.69,5,1.2
"theta_star",279,9,9,"early",13335,12600,2025-01-24,14:46:16,18:16:50,03:30:34,293823.366319444,279,279,279
"Tc",36,9,9,"early",13335,12600,2025-01-24,14:46:16,18:16:50,03:30:34,293823.366319444,36,36,36
"yc",44.4529295641191,6,6,"early",14120,12600,2025-01-24,14:46:16,18:16:51,03:30:35,447900.772569444,24.79,80,20
"zc",251.347008102211,6,6,"early",14120,12600,2025-01-24,14:46:16,18:16:51,03:30:35,447900.772569444,337.04,500,100
"s1",0.775690408927174,6,6,"early",14120,12600,2025-01-24,14:46:16,18:16:51,03:30:35,447900.772569444,0.2529,1,0.1
"Tu",26.3542770132128,6,6,"early",14120,12600,2025-01-24,14:46:16,18:16:51,03:30:35,447900.772569444,17.72,30,15
"theta_c",285.19950096365,6,6,"early",14120,12600,2025-01-24,14:46:16,18:16:51,03:30:35,447900.772569444,285.54,287,284
"tau",43.9391526701545,6,6,"early",14120,12600,2025-01-24,14:46:16,18:16:51,03:30:35,447900.772569444,45.67,48,16
"piec",42.8563066911322,6,6,"early",14120,12600,2025-01-24,14:46:16,18:16:51,03:30:35,447900.772569444,29.49,50,24
"Tf",4.35066214069269,6,6,"early",14120,12600,2025-01-24,14:46:16,18:16:51,03:30:35,447900.772569444,2.97,10,2
"Tb",2.18026812433073,6,6,"early",14120,12600,2025-01-24,14:46:16,18:16:51,03:30:35,447900.772569444,1.87,10,2
"slope",1.30265085405759,6,6,"early",14120,12600,2025-01-24,14:46:16,18:16:51,03:30:35,447900.772569444,2.69,5,1.2
"theta_star",279,6,6,"early",14120,12600,2025-01-24,14:46:16,18:16:51,03:30:35,447900.772569444,279,279,279
"Tc",36,6,6,"early",14120,12600,2025-01-24,14:46:16,18:16:51,03:30:35,447900.772569444,36,36,36
"yc",44.4349378907673,4,4,"early",12084,12600,2025-01-24,14:46:16,18:16:51,03:30:35,462040.564236111,24.79,80,20
"zc",248.59704972061,4,4,"early",12084,12600,2025-01-24,14:46:16,18:16:51,03:30:35,462040.564236111,337.04,500,100
"s1",0.218672488366815,4,4,"early",12084,12600,2025-01-24,14:46:16,18:16:51,03:30:35,462040.564236111,0.2529,1,0.1
"Tu",17.2685503611002,4,4,"early",12084,12600,2025-01-24,14:46:16,18:16:51,03:30:35,462040.564236111,17.72,30,15
"theta_c",285.820273320502,4,4,"early",12084,12600,2025-01-24,14:46:16,18:16:51,03:30:35,462040.564236111,285.54,287,284
"tau",47.7504346072526,4,4,"early",12084,12600,2025-01-24,14:46:16,18:16:51,03:30:35,462040.564236111,45.67,48,16
"piec",44.9828152210998,4,4,"early",12084,12600,2025-01-24,14:46:16,18:16:51,03:30:35,462040.564236111,29.49,50,24
"Tf",4.11273354482281,4,4,"early",12084,12600,2025-01-24,14:46:16,18:16:51,03:30:35,462040.564236111,2.97,10,2
"Tb",6.57272920917119,4,4,"early",12084,12600,2025-01-24,14:46:16,18:16:51,03:30:35,462040.564236111,1.87,10,2
"slope",1.6512302154504,4,4,"early",12084,12600,2025-01-24,14:46:16,18:16:51,03:30:35,462040.564236111,2.69,5,1.2
"theta_star",279,4,4,"early",12084,12600,2025-01-24,14:46:16,18:16:51,03:30:35,462040.564236111,279,279,279
"Tc",36,4,4,"early",12084,12600,2025-01-24,14:46:16,18:16:51,03:30:35,462040.564236111,36,36,36
"yc",50.4160894326957,5,5,"early",14330,12600,2025-01-24,14:46:16,18:16:51,03:30:35,323577.946180556,24.79,80,20
"zc",237.198013504664,5,5,"early",14330,12600,2025-01-24,14:46:16,18:16:51,03:30:35,323577.946180556,337.04,500,100
"s1",0.936649850535719,5,5,"early",14330,12600,2025-01-24,14:46:16,18:16:51,03:30:35,323577.946180556,0.2529,1,0.1
"Tu",26.1471922984927,5,5,"early",14330,12600,2025-01-24,14:46:16,18:16:51,03:30:35,323577.946180556,17.72,30,15
"theta_c",285.570986162434,5,5,"early",14330,12600,2025-01-24,14:46:16,18:16:51,03:30:35,323577.946180556,285.54,287,284
"tau",44.8381435776943,5,5,"early",14330,12600,2025-01-24,14:46:16,18:16:51,03:30:35,323577.946180556,45.67,48,16
"piec",42.2442834591376,5,5,"early",14330,12600,2025-01-24,14:46:16,18:16:51,03:30:35,323577.946180556,29.49,50,24
"Tf",2.88564830259219,5,5,"early",14330,12600,2025-01-24,14:46:16,18:16:51,03:30:35,323577.946180556,2.97,10,2
"Tb",2.55644688399504,5,5,"early",14330,12600,2025-01-24,14:46:16,18:16:51,03:30:35,323577.946180556,1.87,10,2
"slope",1.70532091646323,5,5,"early",14330,12600,2025-01-24,14:46:16,18:16:51,03:30:35,323577.946180556,2.69,5,1.2
"theta_star",279,5,5,"early",14330,12600,2025-01-24,14:46:16,18:16:51,03:30:35,323577.946180556,279,279,279
"Tc",36,5,5,"early",14330,12600,2025-01-24,14:46:16,18:16:51,03:30:35,323577.946180556,36,36,36
"yc",51.9861191759393,2,2,"early",13208,12600,2025-01-24,14:46:16,18:17:08,03:30:52,504308.378472222,24.79,80,20
"zc",281.43651459824,2,2,"early",13208,12600,2025-01-24,14:46:16,18:17:08,03:30:52,504308.378472222,337.04,500,100
"s1",0.34984368413076,2,2,"early",13208,12600,2025-01-24,14:46:16,18:17:08,03:30:52,504308.378472222,0.2529,1,0.1
"Tu",24.3063426867863,2,2,"early",13208,12600,2025-01-24,14:46:16,18:17:08,03:30:52,504308.378472222,17.72,30,15
"theta_c",285.979884165532,2,2,"early",13208,12600,2025-01-24,14:46:16,18:17:08,03:30:52,504308.378472222,285.54,287,284
"tau",45.1304658705621,2,2,"early",13208,12600,2025-01-24,14:46:16,18:17:08,03:30:52,504308.378472222,45.67,48,16
"piec",41.417134048686,2,2,"early",13208,12600,2025-01-24,14:46:16,18:17:08,03:30:52,504308.378472222,29.49,50,24
"Tf",3.49827490684769,2,2,"early",13208,12600,2025-01-24,14:46:16,18:17:08,03:30:52,504308.378472222,2.97,10,2
"Tb",2.10877793858823,2,2,"early",13208,12600,2025-01-24,14:46:16,18:17:08,03:30:52,504308.378472222,1.87,10,2
"slope",1.2413892703176,2,2,"early",13208,12600,2025-01-24,14:46:16,18:17:08,03:30:52,504308.378472222,2.69,5,1.2
"theta_star",279,2,2,"early",13208,12600,2025-01-24,14:46:16,18:17:08,03:30:52,504308.378472222,279,279,279
"Tc",36,2,2,"early",13208,12600,2025-01-24,14:46:16,18:17:08,03:30:52,504308.378472222,36,36,36
"yc",64.9665526639433,0,1,"early",11861,12600,2025-01-24,14:46:16,18:17:09,03:30:53,452781.418402778,24.79,80,20
"zc",282.09641945266,0,1,"early",11861,12600,2025-01-24,14:46:16,18:17:09,03:30:53,452781.418402778,337.04,500,100
"s1",0.257970114011594,0,1,"early",11861,12600,2025-01-24,14:46:16,18:17:09,03:30:53,452781.418402778,0.2529,1,0.1
"Tu",19.0823808343756,0,1,"early",11861,12600,2025-01-24,14:46:16,18:17:09,03:30:53,452781.418402778,17.72,30,15
"theta_c",285.886687992902,0,1,"early",11861,12600,2025-01-24,14:46:16,18:17:09,03:30:53,452781.418402778,285.54,287,284
"tau",40.4617250649164,0,1,"early",11861,12600,2025-01-24,14:46:16,18:17:09,03:30:53,452781.418402778,45.67,48,16
"piec",37.6779165824926,0,1,"early",11861,12600,2025-01-24,14:46:16,18:17:09,03:30:53,452781.418402778,29.49,50,24
"Tf",2.04278525533729,0,1,"early",11861,12600,2025-01-24,14:46:16,18:17:09,03:30:53,452781.418402778,2.97,10,2
"Tb",4.64620494162956,0,1,"early",11861,12600,2025-01-24,14:46:16,18:17:09,03:30:53,452781.418402778,1.87,10,2
"slope",1.25322626213724,0,1,"early",11861,12600,2025-01-24,14:46:16,18:17:09,03:30:53,452781.418402778,2.69,5,1.2
"theta_star",279,0,1,"early",11861,12600,2025-01-24,14:46:16,18:17:09,03:30:53,452781.418402778,279,279,279
"Tc",36,0,1,"early",11861,12600,2025-01-24,14:46:16,18:17:09,03:30:53,452781.418402778,36,36,36
"yc",36.9182958979754,1,10,"early",13128,12600,2025-01-24,14:46:16,18:17:10,03:30:54,344053.340277778,24.79,80,20
"zc",246.067073664091,1,10,"early",13128,12600,2025-01-24,14:46:16,18:17:10,03:30:54,344053.340277778,337.04,500,100
"s1",0.257299761021598,1,10,"early",13128,12600,2025-01-24,14:46:16,18:17:10,03:30:54,344053.340277778,0.2529,1,0.1
"Tu",17.6545329746059,1,10,"early",13128,12600,2025-01-24,14:46:16,18:17:10,03:30:54,344053.340277778,17.72,30,15
"theta_c",284.712199856619,1,10,"early",13128,12600,2025-01-24,14:46:16,18:17:10,03:30:54,344053.340277778,285.54,287,284
"tau",47.4378259960868,1,10,"early",13128,12600,2025-01-24,14:46:16,18:17:10,03:30:54,344053.340277778,45.67,48,16
"piec",42.7498893751477,1,10,"early",13128,12600,2025-01-24,14:46:16,18:17:10,03:30:54,344053.340277778,29.49,50,24
"Tf",3.84937626001471,1,10,"early",13128,12600,2025-01-24,14:46:16,18:17:10,03:30:54,344053.340277778,2.97,10,2
"Tb",6.5424968218525,1,10,"early",13128,12600,2025-01-24,14:46:16,18:17:10,03:30:54,344053.340277778,1.87,10,2
"slope",1.24792209777386,1,10,"early",13128,12600,2025-01-24,14:46:16,18:17:10,03:30:54,344053.340277778,2.69,5,1.2
"theta_star",279,1,10,"early",13128,12600,2025-01-24,14:46:16,18:17:10,03:30:54,344053.340277778,279,279,279
"Tc",36,1,10,"early",13128,12600,2025-01-24,14:46:16,18:17:10,03:30:54,344053.340277778,36,36,36
"yc",51.0012480190123,3,3,"early",13535,12600,2025-01-24,14:46:16,18:17:11,03:30:55,590570.368055556,24.79,80,20
"zc",251.835580157731,3,3,"early",13535,12600,2025-01-24,14:46:16,18:17:11,03:30:55,590570.368055556,337.04,500,100
"s1",0.303321345428332,3,3,"early",13535,12600,2025-01-24,14:46:16,18:17:11,03:30:55,590570.368055556,0.2529,1,0.1
"Tu",25.1319736253549,3,3,"early",13535,12600,2025-01-24,14:46:16,18:17:11,03:30:55,590570.368055556,17.72,30,15
"theta_c",285.726467705123,3,3,"early",13535,12600,2025-01-24,14:46:16,18:17:11,03:30:55,590570.368055556,285.54,287,284
"tau",47.1055975078086,3,3,"early",13535,12600,2025-01-24,14:46:16,18:17:11,03:30:55,590570.368055556,45.67,48,16
"piec",43.6257963902234,3,3,"early",13535,12600,2025-01-24,14:46:16,18:17:11,03:30:55,590570.368055556,29.49,50,24
"Tf",3.35148988435763,3,3,"early",13535,12600,2025-01-24,14:46:16,18:17:11,03:30:55,590570.368055556,2.97,10,2
"Tb",2.35180269109987,3,3,"early",13535,12600,2025-01-24,14:46:16,18:17:11,03:30:55,590570.368055556,1.87,10,2
"slope",1.27451012168842,3,3,"early",13535,12600,2025-01-24,14:46:16,18:17:11,03:30:55,590570.368055556,2.69,5,1.2
"theta_star",279,3,3,"early",13535,12600,2025-01-24,14:46:16,18:17:11,03:30:55,590570.368055556,279,279,279
"Tc",36,3,3,"early",13535,12600,2025-01-24,14:46:16,18:17:11,03:30:55,590570.368055556,36,36,36
"yc",51.9910617104828,7,7,"early",13632,12600,2025-01-24,14:46:16,18:17:33,03:31:17,474940.444444444,24.79,80,20
"zc",278.141598666901,7,7,"early",13632,12600,2025-01-24,14:46:16,18:17:33,03:31:17,474940.444444444,337.04,500,100
"s1",0.279720461758298,7,7,"early",13632,12600,2025-01-24,14:46:16,18:17:33,03:31:17,474940.444444444,0.2529,1,0.1
"Tu",21.8021975306468,7,7,"early",13632,12600,2025-01-24,14:46:16,18:17:33,03:31:17,474940.444444444,17.72,30,15
"theta_c",284.732968144032,7,7,"early",13632,12600,2025-01-24,14:46:16,18:17:33,03:31:17,474940.444444444,285.54,287,284
"tau",44.427405786938,7,7,"early",13632,12600,2025-01-24,14:46:16,18:17:33,03:31:17,474940.444444444,45.67,48,16
"piec",44.4962400179122,7,7,"early",13632,12600,2025-01-24,14:46:16,18:17:33,03:31:17,474940.444444444,29.49,50,24
"Tf",2.37057320859048,7,7,"early",13632,12600,2025-01-24,14:46:16,18:17:33,03:31:17,474940.444444444,2.97,10,2
"Tb",3.218710308548,7,7,"early",13632,12600,2025-01-24,14:46:16,18:17:33,03:31:17,474940.444444444,1.87,10,2
"slope",1.37298349222554,7,7,"early",13632,12600,2025-01-24,14:46:16,18:17:33,03:31:17,474940.444444444,2.69,5,1.2
"theta_star",279,7,7,"early",13632,12600,2025-01-24,14:46:16,18:17:33,03:31:17,474940.444444444,279,279,279
"Tc",36,7,7,"early",13632,12600,2025-01-24,14:46:16,18:17:33,03:31:17,474940.444444444,36,36,36
"yc",55.1050342791773,14,4,"late",12345,12600,2025-01-24,14:46:19,18:19:34,03:33:15,510868.256944444,24.79,80,20
"zc",286.731784724907,14,4,"late",12345,12600,2025-01-24,14:46:19,18:19:34,03:33:15,510868.256944444,337.04,500,100
"s1",0.430334685763101,14,4,"late",12345,12600,2025-01-24,14:46:19,18:19:34,03:33:15,510868.256944444,0.2529,1,0.1
"Tu",22.6147951556001,14,4,"late",12345,12600,2025-01-24,14:46:19,18:19:34,03:33:15,510868.256944444,17.72,30,15
"theta_c",285.963306202152,14,4,"late",12345,12600,2025-01-24,14:46:19,18:19:34,03:33:15,510868.256944444,285.54,287,284
"tau",46.7450796107951,14,4,"late",12345,12600,2025-01-24,14:46:19,18:19:34,03:33:15,510868.256944444,45.67,48,16
"piec",43.1089026791189,14,4,"late",12345,12600,2025-01-24,14:46:19,18:19:34,03:33:15,510868.256944444,29.49,50,24
"Tf",3.36456514623243,14,4,"late",12345,12600,2025-01-24,14:46:19,18:19:34,03:33:15,510868.256944444,2.97,10,2
"Tb",3.33675347638443,14,4,"late",12345,12600,2025-01-24,14:46:19,18:19:34,03:33:15,510868.256944444,1.87,10,2
"slope",1.34647532274858,14,4,"late",12345,12600,2025-01-24,14:46:19,18:19:34,03:33:15,510868.256944444,2.69,5,1.2
"theta_star",279,14,4,"late",12345,12600,2025-01-24,14:46:19,18:19:34,03:33:15,510868.256944444,279,279,279
"Tc",36,14,4,"late",12345,12600,2025-01-24,14:46:19,18:19:34,03:33:15,510868.256944444,36,36,36
"yc",41.2566926364385,13,3,"late",12836,12600,2025-01-24,14:46:19,18:19:34,03:33:15,214062.602430556,24.79,80,20
"zc",255.864906327698,13,3,"late",12836,12600,2025-01-24,14:46:19,18:19:34,03:33:15,214062.602430556,337.04,500,100
"s1",0.143757149158531,13,3,"late",12836,12600,2025-01-24,14:46:19,18:19:34,03:33:15,214062.602430556,0.2529,1,0.1
"Tu",16.3635364510084,13,3,"late",12836,12600,2025-01-24,14:46:19,18:19:34,03:33:15,214062.602430556,17.72,30,15
"theta_c",284.917777264781,13,3,"late",12836,12600,2025-01-24,14:46:19,18:19:34,03:33:15,214062.602430556,285.54,287,284
"tau",47.4818644535297,13,3,"late",12836,12600,2025-01-24,14:46:19,18:19:34,03:33:15,214062.602430556,45.67,48,16
"piec",46.9558743993471,13,3,"late",12836,12600,2025-01-24,14:46:19,18:19:34,03:33:15,214062.602430556,29.49,50,24
"Tf",5.21703836906571,13,3,"late",12836,12600,2025-01-24,14:46:19,18:19:34,03:33:15,214062.602430556,2.97,10,2
"Tb",6.82242001437084,13,3,"late",12836,12600,2025-01-24,14:46:19,18:19:34,03:33:15,214062.602430556,1.87,10,2
"slope",1.21979865802469,13,3,"late",12836,12600,2025-01-24,14:46:19,18:19:34,03:33:15,214062.602430556,2.69,5,1.2
"theta_star",279,13,3,"late",12836,12600,2025-01-24,14:46:19,18:19:34,03:33:15,214062.602430556,279,279,279
"Tc",36,13,3,"late",12836,12600,2025-01-24,14:46:19,18:19:34,03:33:15,214062.602430556,36,36,36
"yc",35.8689939966209,12,2,"late",14461,12600,2025-01-24,14:46:19,18:19:35,03:33:16,328174.668402778,24.79,80,20
"zc",269.647365750495,12,2,"late",14461,12600,2025-01-24,14:46:19,18:19:35,03:33:16,328174.668402778,337.04,500,100
"s1",0.341557004120386,12,2,"late",14461,12600,2025-01-24,14:46:19,18:19:35,03:33:16,328174.668402778,0.2529,1,0.1
"Tu",17.7282975252272,12,2,"late",14461,12600,2025-01-24,14:46:19,18:19:35,03:33:16,328174.668402778,17.72,30,15
"theta_c",284.949834081209,12,2,"late",14461,12600,2025-01-24,14:46:19,18:19:35,03:33:16,328174.668402778,285.54,287,284
"tau",47.3304396174214,12,2,"late",14461,12600,2025-01-24,14:46:19,18:19:35,03:33:16,328174.668402778,45.67,48,16
"piec",43.9378986599564,12,2,"late",14461,12600,2025-01-24,14:46:19,18:19:35,03:33:16,328174.668402778,29.49,50,24
"Tf",5.33605518466109,12,2,"late",14461,12600,2025-01-24,14:46:19,18:19:35,03:33:16,328174.668402778,2.97,10,2
"Tb",6.79773222418283,12,2,"late",14461,12600,2025-01-24,14:46:19,18:19:35,03:33:16,328174.668402778,1.87,10,2
"slope",1.20748036174537,12,2,"late",14461,12600,2025-01-24,14:46:19,18:19:35,03:33:16,328174.668402778,2.69,5,1.2
"theta_star",279,12,2,"late",14461,12600,2025-01-24,14:46:19,18:19:35,03:33:16,328174.668402778,279,279,279
"Tc",36,12,2,"late",14461,12600,2025-01-24,14:46:19,18:19:35,03:33:16,328174.668402778,36,36,36
"yc",62.7699258369531,16,6,"late",13007,12600,2025-01-24,14:46:15,18:23:07,03:36:52,396445.571180556,24.79,80,20
"zc",248.097916473121,16,6,"late",13007,12600,2025-01-24,14:46:15,18:23:07,03:36:52,396445.571180556,337.04,500,100
"s1",0.588249199887591,16,6,"late",13007,12600,2025-01-24,14:46:15,18:23:07,03:36:52,396445.571180556,0.2529,1,0.1
"Tu",24.3844433341244,16,6,"late",13007,12600,2025-01-24,14:46:15,18:23:07,03:36:52,396445.571180556,17.72,30,15
"theta_c",285.30833398307,16,6,"late",13007,12600,2025-01-24,14:46:15,18:23:07,03:36:52,396445.571180556,285.54,287,284
"tau",33.3719161010797,16,6,"late",13007,12600,2025-01-24,14:46:15,18:23:07,03:36:52,396445.571180556,45.67,48,16
"piec",32.4673013359257,16,6,"late",13007,12600,2025-01-24,14:46:15,18:23:07,03:36:52,396445.571180556,29.49,50,24
"Tf",3.05554932754228,16,6,"late",13007,12600,2025-01-24,14:46:15,18:23:07,03:36:52,396445.571180556,2.97,10,2
"Tb",3.76943425742138,16,6,"late",13007,12600,2025-01-24,14:46:15,18:23:07,03:36:52,396445.571180556,1.87,10,2
"slope",2.1265489798643,16,6,"late",13007,12600,2025-01-24,14:46:15,18:23:07,03:36:52,396445.571180556,2.69,5,1.2
"theta_star",279,16,6,"late",13007,12600,2025-01-24,14:46:15,18:23:07,03:36:52,396445.571180556,279,279,279
"Tc",36,16,6,"late",13007,12600,2025-01-24,14:46:15,18:23:07,03:36:52,396445.571180556,36,36,36
"yc",50.5858888508083,11,10,"late",13332,12600,2025-01-24,14:46:19,18:38:30,03:52:11,519030.333333333,24.79,80,20
"zc",269.712029755843,11,10,"late",13332,12600,2025-01-24,14:46:19,18:38:30,03:52:11,519030.333333333,337.04,500,100
"s1",0.729456411828261,11,10,"late",13332,12600,2025-01-24,14:46:19,18:38:30,03:52:11,519030.333333333,0.2529,1,0.1
"Tu",25.8406721808644,11,10,"late",13332,12600,2025-01-24,14:46:19,18:38:30,03:52:11,519030.333333333,17.72,30,15
"theta_c",285.210389646592,11,10,"late",13332,12600,2025-01-24,14:46:19,18:38:30,03:52:11,519030.333333333,285.54,287,284
"tau",44.310764622678,11,10,"late",13332,12600,2025-01-24,14:46:19,18:38:30,03:52:11,519030.333333333,45.67,48,16
"piec",42.519788458658,11,10,"late",13332,12600,2025-01-24,14:46:19,18:38:30,03:52:11,519030.333333333,29.49,50,24
"Tf",4.80966933581953,11,10,"late",13332,12600,2025-01-24,14:46:19,18:38:30,03:52:11,519030.333333333,2.97,10,2
"Tb",2.31424334105145,11,10,"late",13332,12600,2025-01-24,14:46:19,18:38:30,03:52:11,519030.333333333,1.87,10,2
"slope",1.24137287116453,11,10,"late",13332,12600,2025-01-24,14:46:19,18:38:30,03:52:11,519030.333333333,2.69,5,1.2
"theta_star",279,11,10,"late",13332,12600,2025-01-24,14:46:19,18:38:30,03:52:11,519030.333333333,279,279,279
"Tc",36,11,10,"late",13332,12600,2025-01-24,14:46:19,18:38:30,03:52:11,519030.333333333,36,36,36
"yc",54.7411796053661,10,1,"late",14528,12600,2025-01-24,14:46:19,18:46:57,04:00:38,289310.270833333,24.79,80,20
"zc",321.344052229255,10,1,"late",14528,12600,2025-01-24,14:46:19,18:46:57,04:00:38,289310.270833333,337.04,500,100
"s1",0.292755857049947,10,1,"late",14528,12600,2025-01-24,14:46:19,18:46:57,04:00:38,289310.270833333,0.2529,1,0.1
"Tu",23.1938811736731,10,1,"late",14528,12600,2025-01-24,14:46:19,18:46:57,04:00:38,289310.270833333,17.72,30,15
"theta_c",286.135848259322,10,1,"late",14528,12600,2025-01-24,14:46:19,18:46:57,04:00:38,289310.270833333,285.54,287,284
"tau",46.4314973391265,10,1,"late",14528,12600,2025-01-24,14:46:19,18:46:57,04:00:38,289310.270833333,45.67,48,16
"piec",42.9154648011044,10,1,"late",14528,12600,2025-01-24,14:46:19,18:46:57,04:00:38,289310.270833333,29.49,50,24
"Tf",2.25778843360123,10,1,"late",14528,12600,2025-01-24,14:46:19,18:46:57,04:00:38,289310.270833333,2.97,10,2
"Tb",2.24250129787249,10,1,"late",14528,12600,2025-01-24,14:46:19,18:46:57,04:00:38,289310.270833333,1.87,10,2
"slope",1.37239223039117,10,1,"late",14528,12600,2025-01-24,14:46:19,18:46:57,04:00:38,289310.270833333,2.69,5,1.2
"theta_star",279,10,1,"late",14528,12600,2025-01-24,14:46:19,18:46:57,04:00:38,289310.270833333,279,279,279
"Tc",36,10,1,"late",14528,12600,2025-01-24,14:46:19,18:46:57,04:00:38,289310.270833333,36,36,36
"yc",50.7062358754826,8,8,"early",15114,12600,2025-01-24,14:46:16,18:50:12,04:03:56,465538.111111111,24.79,80,20
"zc",211.616353486431,8,8,"early",15114,12600,2025-01-24,14:46:16,18:50:12,04:03:56,465538.111111111,337.04,500,100
"s1",0.368192807333773,8,8,"early",15114,12600,2025-01-24,14:46:16,18:50:12,04:03:56,465538.111111111,0.2529,1,0.1
"Tu",24.5568413463101,8,8,"early",15114,12600,2025-01-24,14:46:16,18:50:12,04:03:56,465538.111111111,17.72,30,15
"theta_c",286.623995896323,8,8,"early",15114,12600,2025-01-24,14:46:16,18:50:12,04:03:56,465538.111111111,285.54,287,284
"tau",47.582686926037,8,8,"early",15114,12600,2025-01-24,14:46:16,18:50:12,04:03:56,465538.111111111,45.67,48,16
"piec",26.571716223813,8,8,"early",15114,12600,2025-01-24,14:46:16,18:50:12,04:03:56,465538.111111111,29.49,50,24
"Tf",3.28694132605862,8,8,"early",15114,12600,2025-01-24,14:46:16,18:50:12,04:03:56,465538.111111111,2.97,10,2
"Tb",3.88277951496652,8,8,"early",15114,12600,2025-01-24,14:46:16,18:50:12,04:03:56,465538.111111111,1.87,10,2
"slope",1.2699999767011,8,8,"early",15114,12600,2025-01-24,14:46:16,18:50:12,04:03:56,465538.111111111,2.69,5,1.2
"theta_star",279,8,8,"early",15114,12600,2025-01-24,14:46:16,18:50:12,04:03:56,465538.111111111,279,279,279
"Tc",36,8,8,"early",15114,12600,2025-01-24,14:46:16,18:50:12,04:03:56,465538.111111111,36,36,36
"yc",63.1988353392105,15,5,"late",14189,12600,2025-01-24,14:46:19,18:56:30,04:10:11,575255.175347222,24.79,80,20
"zc",246.879142669208,15,5,"late",14189,12600,2025-01-24,14:46:19,18:56:30,04:10:11,575255.175347222,337.04,500,100
"s1",0.246874691946571,15,5,"late",14189,12600,2025-01-24,14:46:19,18:56:30,04:10:11,575255.175347222,0.2529,1,0.1
"Tu",23.1065677339899,15,5,"late",14189,12600,2025-01-24,14:46:19,18:56:30,04:10:11,575255.175347222,17.72,30,15
"theta_c",286.115530843837,15,5,"late",14189,12600,2025-01-24,14:46:19,18:56:30,04:10:11,575255.175347222,285.54,287,284
"tau",40.3486424419715,15,5,"late",14189,12600,2025-01-24,14:46:19,18:56:30,04:10:11,575255.175347222,45.67,48,16
"piec",37.3265738356443,15,5,"late",14189,12600,2025-01-24,14:46:19,18:56:30,04:10:11,575255.175347222,29.49,50,24
"Tf",2.36178649121698,15,5,"late",14189,12600,2025-01-24,14:46:19,18:56:30,04:10:11,575255.175347222,2.97,10,2
"Tb",4.12925353432988,15,5,"late",14189,12600,2025-01-24,14:46:19,18:56:30,04:10:11,575255.175347222,1.87,10,2
"slope",1.60410958284832,15,5,"late",14189,12600,2025-01-24,14:46:19,18:56:30,04:10:11,575255.175347222,2.69,5,1.2
"theta_star",279,15,5,"late",14189,12600,2025-01-24,14:46:19,18:56:30,04:10:11,575255.175347222,279,279,279
"Tc",36,15,5,"late",14189,12600,2025-01-24,14:46:19,18:56:30,04:10:11,575255.175347222,36,36,36
